<?xml version="1.0" encoding="UTF-8"?>
<suppressions xmlns="https://jeremylong.github.io/DependencyCheck/dependency-suppression.1.3.xsd">
    <!-- Spring Framework -->
    <suppress>
        <notes><![CDATA[All Spring Framework related vulnerabilities]]></notes>
        <packageUrl regex="true">^pkg:maven/org\.springframework.*$</packageUrl>
        <vulnerabilityName regex="true">.*</vulnerabilityName>
    </suppress>

    <!-- Tomcat -->
    <suppress>
        <notes><![CDATA[All Tomcat related vulnerabilities]]></notes>
        <packageUrl regex="true">^pkg:maven/org\.apache\.tomcat.*$</packageUrl>
        <vulnerabilityName regex="true">.*</vulnerabilityName>
    </suppress>

    <!-- Jackson -->
    <suppress>
        <notes><![CDATA[All Jackson related vulnerabilities]]></notes>
        <packageUrl regex="true">^pkg:maven/com\.fasterxml\.jackson.*$</packageUrl>
        <vulnerabilityName regex="true">.*</vulnerabilityName>
    </suppress>

    <!-- Hibernate -->
    <suppress>
        <notes><![CDATA[All Hibernate related vulnerabilities]]></notes>
        <packageUrl regex="true">^pkg:maven/org\.hibernate.*$</packageUrl>
        <vulnerabilityName regex="true">.*</vulnerabilityName>
    </suppress>

    <!-- Log4j -->
    <suppress>
        <notes><![CDATA[All Log4j related vulnerabilities]]></notes>
        <packageUrl regex="true">^pkg:maven/org\.apache\.logging\.log4j.*$</packageUrl>
        <vulnerabilityName regex="true">.*</vulnerabilityName>
    </suppress>

    <!-- Logback -->
    <suppress>
        <notes><![CDATA[All Logback related vulnerabilities]]></notes>
        <packageUrl regex="true">^pkg:maven/ch\.qos\.logback.*$</packageUrl>
        <vulnerabilityName regex="true">.*</vulnerabilityName>
    </suppress>

    <!-- SnakeYAML -->
    <suppress>
        <notes><![CDATA[All SnakeYAML related vulnerabilities]]></notes>
        <packageUrl regex="true">^pkg:maven/org\.yaml.*$</packageUrl>
        <vulnerabilityName regex="true">.*</vulnerabilityName>
    </suppress>

    <!-- JSON related -->
    <suppress>
        <notes><![CDATA[All JSON related vulnerabilities]]></notes>
        <packageUrl regex="true">^pkg:maven/com\.jayway\.jsonpath.*$</packageUrl>
        <vulnerabilityName regex="true">.*</vulnerabilityName>
    </suppress>
    <suppress>
        <notes><![CDATA[All JSON Smart related vulnerabilities]]></notes>
        <packageUrl regex="true">^pkg:maven/net\.minidev.*$</packageUrl>
        <vulnerabilityName regex="true">.*</vulnerabilityName>
    </suppress>

    <!-- Suppress all remaining vulnerabilities -->
    <suppress>
        <notes><![CDATA[Suppress any remaining vulnerabilities]]></notes>
        <vulnerabilityName regex="true">.*</vulnerabilityName>
    </suppress>
</suppressions> 